{
  "train_loss": [
    3.5228445680291802,
    3.2814791295621486,
    2.9808375362877375,
    2.4570987890432545,
    1.934122678395864,
    1.5282351004110801,
    1.2314338215120562,
    0.9935958986883765,
    0.8330838780503373,
    0.6982767401156841,
    0.603210284366264,
    0.5037937776462452,
    0.4471153913138507,
    0.3982190310776055,
    0.34505857433284726,
    0.294199329015013,
    0.264497831508562,
    0.2544804234672953,
    0.21236957457509484,
    0.19879012637668186
  ],
  "train_acc": [
    0.07953265765765766,
    0.14184496996996998,
    0.24183558558558557,
    0.34642454954954954,
    0.45467342342342343,
    0.5609046546546547,
    0.6439095345345346,
    0.7086617867867868,
    0.7530968468468469,
    0.7952327327327328,
    0.8254504504504504,
    0.8542135885885885,
    0.870777027027027,
    0.8882319819819819,
    0.9068130630630631,
    0.9214996246246246,
    0.9320570570570571,
    0.9351069819819819,
    0.9466966966966966,
    0.9486204954954955
  ],
  "val_loss": [
    3.375631051736551,
    3.1768831419157193,
    2.7693948681290084,
    2.350474028973966,
    1.9049006883088533,
    1.5889452277003109,
    1.2012131121065523,
    1.1161411964857542,
    0.8522432244217789,
    0.8015965196463439,
    0.5523599481081461,
    0.7233322187586948,
    0.5148674715030659,
    0.6063401514703447,
    0.3412768975929455,
    0.3169901357577728,
    0.3084456252085196,
    0.23084087280539778,
    0.20721375548445783,
    0.2619581559040883
  ],
  "val_acc": [
    0.10698198198198199,
    0.16891891891891891,
    0.26426426426426425,
    0.33765015015015015,
    0.43374624624624625,
    0.5084459459459459,
    0.6420795795795796,
    0.6565315315315315,
    0.7441816816816816,
    0.7749624624624625,
    0.8554804804804805,
    0.7826576576576577,
    0.8256381381381381,
    0.8119369369369369,
    0.90503003003003,
    0.9091591591591591,
    0.901463963963964,
    0.9438813813813813,
    0.9508258258258259,
    0.918918918918919
  ]
}